{"cameraMode":{"drawMode":0,"name":"Shaded","section":"Shading Mode"},"sceneLighting":false,"audioPlay":false,"sceneViewState":{"m_AlwaysRefresh":false,"showFog":true,"showSkybox":false,"showFlares":true,"showImageEffects":true,"showParticleSystems":true,"showVisualEffectGraphs":true,"m_FxEnabled":true},"in2DMode":false,"pivot":{"x":-2.498387098312378,"y":2.3310937881469728,"z":-0.2308715134859085},"rotation":{"x":0.03477591276168823,"y":0.6066250801086426,"z":-0.026624230667948724,"w":0.7938286066055298},"size":0.8660287261009216,"orthographic":false}