{"cameraMode":{"drawMode":0,"name":"Shaded","section":"Shading Mode"},"sceneLighting":false,"audioPlay":false,"sceneViewState":{"m_AlwaysRefresh":false,"showFog":true,"showSkybox":false,"showFlares":true,"showImageEffects":true,"showParticleSystems":true,"showVisualEffectGraphs":true,"m_FxEnabled":true},"in2DMode":false,"pivot":{"x":359.0171813964844,"y":640.6712036132813,"z":-2.4882993698120119},"rotation":{"x":-0.00035777664743363857,"y":0.999178409576416,"z":-0.009303365834057331,"w":-0.040196582674980167},"size":2.36602520942688,"orthographic":false}